construct	mean_delta	sequences
1	0.605561037420873	SNRQLERSGRFGGNPGGFGNQGGFGNSRGGGAGLGNNQGSNMGGGMNFGAFSINPAMMAAAQAALQSSWGMMGMLASQQNQSGPSGNNQNQGNMQREPNQAFGSGNNSYSGSNSGAAIGWGSASNAGSGSGFNGGFGSSMDSKSSGWGM
2	0.240426682802262	MASNDYTQQATQSYGAYPTQPGQGYSQQSSQPYGQQSYSGYSQSTDTSGYGQSSYSSYGQSQNTGYGTQSTPQGYGSTGGYGSSQSSQSSYGQQSSYPGYGQQPAPSSTSGSYGSSSQSSSYGQPQSGSYSQQPSYGGQQQSYGQQQSYNPPQGYGQQNQYNSSSGGGGGGGGGGNYGQDQSSMSSGGGSGGGYGNQDQS
3	-0.043618142454705	GNPIKVSFATRRADFNRGGGNGRGGRGRGGPMGRGGYGGGGSGGGGRGGFPSGGGGGGGQQRAGDWKCPNPTCENMNFSWRNECNQCKAPKPDGPGGGPGGSHMGGNYGDDRRGGRGGYDRGGYRGRGGDRGGFRGGRGGGDRGGFGPGKMDSRGEHRQDRRERPY
4	-0.0102835844682957	MSRAALPSLENLEDDDEFEDFATENWPMKDTELDTGDDTLWENNWDDEDIGDDDFSVQLQAELKKKGVAAN
5	0.240274721445466	RDEISLDSAKKAACEFSETDVTNTEHHQPSNNDLNTTEKRAAERHPEKYQGSSVSNLHVEPCGTNTHASSLQHENSSLLLTKDRMNVEKAEFCNKSKQPG
6	0.255306583037476	HNSKAPKKNRLRRKSSTRHIHALELVVSRNLSPPNCTELQIDSCSSSEEIKKKKYNQMPVRHSRNLQLMEGKEPATGAKKSNKPNEQTSKRHDSDTFPEL
7	0.056115663481109	MEEPQSDPSVEPPLSQETFSDLWKLLPENNVLSPLPSQAMDDLMLSPDDIEQWFTEDPGPDEAPRMPEAAPPVAPAPAAPTPAAPAPAPSWPLSSSVPSQKT
8	0.71514395403393	KKPLDGEYFTLQIRGRERFEMFRELNEALELKDAQAGKEPGGSRAHSSHLKSKKGQSTSRHKKLMFKTEGPDSD
9	0.736213422636092	NTAGTSLPSVDLLQKLRLTPQHDQIQTQPLGKGAMVASFSPAAGQLATPESFIEPPSKTAAARVAASASLSNMVLAPLQSMQQNQDPEVFVQPKVLSSAIPVAGAPLVTATTTAVSSVLLAPSVFQQTVTRSSDLERKASSPSPLTIGTPESQRKPSIILSKSQLQDTLIHLIKNDSSFLSTLHEVYLQVLTKNKDNHNL
10	0.548550004073921	MGDEDWEAEINPHMSSYVPIFEKDRYSGENGDNFNRTPASSSEMDDGPSRRDHFMKSGFASGRNFGNRDAGECNKRDNTSTMGGFGVGKSFGNRGFSNSRFEDGDSSGFWRESSNDCEDNPTRNRGFSKRGGYRDGNNSEASGPYRRGGRGSFRGCRGGFGLGSPNNDLDPDECMQRTGGLFGSRRPVLSGTGNGDTSQS
11	0.250938801838577	GVDPALSDPVLARRLRENRSLAMSRLDEVISKYAMLQDKSEEGERKKRRARLQGTSSHSADTPEASLDSGEGPS
12	0.495988541376093	GPTQAAPGVRVEEEEWAREIGAQLRRMADDLNAQYERRRQEEQHRHRPSPWRVM
13	0.602148633028492	MKHPYEEFPTGSKSPYNMSRGAHPGAVLLSPQSSAINKNNPGSNSGNNQGNSSVTANVLSPQSHSMSLNDMLDQQSFMLDTAGTRAQPLQQQQQQQQQQQQASLPSLNIQTVSSTAAGSAIVSPMMQSPKALQSTLSSTSMYLDSFQRSPNNILGIPSQSGSIPLPQSRQSQQQSQSQKNDPNMGTNFSQDINQLCSWIS
14	0.629790315182217	DGAGEGPAQSLTEQMKKIALESVGQPEELMESDNCSGGDDDWTHLSSKEVDPSTGELQSLQMPESEGPSSLDPSQEGPTGLKEAALYPHLPPEADPRLIE
15	0.376287763635085	KVPAQESQDVSGSRPAAPLIGAPANSEDTHLVDPKTDPSDSQTGLAEQCAGIRKRPATDDSSTQNKRANRTEENVSDGSPN
16	-0.00942920296397679	PPETWLQNERELKRERRKQSNRESARRSRLRKQAETEELARKVEALTAENMALRSELNQLNEKSDKLRGANATLLDKLKCSEPEKRVPANMLSRVKNSGAGDKNKNQ
17	0.109615530001807	RTYMDVMREQHLTKEEREIRQQLAEKAKAGELKVVNGAAASQPPSKRKRRWDQTADQTPGATPKKLSSWDQAETPGHTPSLRWDETPGRAKGSETPGATP
18	0.318385727599757	MPLPVALQTRLAKRGILKHLEPEPEEEIIAEDYDDDPVDYEATRLEGLPP
19	0.334213279529111	PNSVVTKSAKKLRSSNADAEEKLDRSHDKSDRGHDKSDRSHEKLDRGHDKSDRGHDKSDRDRERGYDKVDRERERDRERDRDRGYDKADREEGKERRHHRREELAPYPKSKKAVSRKDEELDPMDPSSYSDAPRGTWSTGLPKRNEAKTGADTTAAGPLFQQRPYPSPGAVLRANAEASRTKQQD
20	0.400519500385206	MSDEAKEKRELESQKESSHNKSEKSVEPKPKRRRRRNYDDYDAEVAKEETKAKNGLTKSENNGTVEDSESDMDDAKLDALMGNEGEEEEDDLAEIDTSNIITSGRRTRGKVIDYKKTAEELDKKEPSTGSKDDVGYGEKEEDDEDEEDDDFKE
21	0.382613239817453	MNIVPQDTFKSQVSTDQDKSVLSSAVPSLPDTLRQQEGGAVPLSTQLNDRHPLESTLKNWETTQRQRQMEQYRQIFGIAEPMKRTMEMEIVNRTDFNPLSTNGSIHRDILLNKECSIDWEDVYPGTGLQASTMVGDDVHSKIEKQLGI
22	0.364213212099581	LNMEDLMEGNHHLLSDSSEAGSSSEGEHISSIPTRGEIAKLKAQKSLSRRKISESDVTTERDYVKLLDSEDKREIMETIRLNGGLKRNNEKEITNFSDDE
23	0.918800899610809	MQGFQDEMLALTDNQIAIQKDSKRKIIEKAINEVPYRTNEEWETQLLSKGNINKSNEKIITPLPVLFPDDDESGNSIERINEMVSKICLQRKKVEMRLQALEKTKIDLEKSKASLINKLIGN
24	0.578011695944564	MKLPVAQYSAPDGVEKSFAPIRDDPRYMTTEGRTTGPSDHVLNAGQIDRDKPSEPERTKDGSQLTYLGQLRTQLTGLQDDINEFLTGRMELAKNKKKAGADEKRIQEEINQLLDGGDGDEDAV
25	0.638355903177899	NAGTEKEKESKKDSKPAFSFGISNGSESKDSDKPSLPSAVDGENDKKEATKPAFSFGINTNTTKTADTKAPTFTFGSSALADNKEDVKKPFSFGTSQPNN
26	0.714338917746585	MSENIGHININANLQNVDRRDAAAIQSVERKLLGYNPPGGLASEAQSAAALNEGIGQPMNRGISTDIPAPADIDVDRGTASKDFGHVRFDVDLNQVRPEEAAALQAAESKIEGLAPSITVGGIGSAAQSMAAFNEREQSETGPFHPGIKATEPLPGPTYYQGVELSPSALPTYAPDVSVFPPSLSTNTSNVGAVPPSITT
27	0.260225523120316	MSESGQEQNRGTNTSPNNAENNNNSNAASGPLNGGAEQTRNITVSIQYSYFTPERLAHLSNISNNDNNENNSAASGSTIANGTGPSFGIGNGGHQPDGALVLSFRDVPASTPQDRLNSFISVAAQLAMERFNRLLNRPKGISKDEFDKLPVLQVSDLPKAEGPL
28	0.833370054238888	QKISESVGVQRAAQQDTDEVAANEAAFERIRRVLYDPTAVNSTNENSSAPSENTSNTTVPTIGNASSGEQMLSRTGFFLVPQNGQPLHNPVRLPPNDSDRNGVNGPSSTTQNPPSNSGGSNNNQSPRWVP
29	0.139720733983599	MSVYFPIHCSDYLRSAEMTEVMMNAPSMEEIGLSPRKDGLSYQIFPDPSDFDRCCKLKDRLPSIVVEPTEGEVESGELRWPPEEFLVQEDEQDNCEETTNEKKDQ
30	0.389955643468271	TPVTIENFLSWKAKFDAELLEIKKKRMKEEEQAGKNKLSGKQLFETDHNLDTSDIQFLEDAGNNVEVDESLFQEMDDLELEDGEDDPDYNPVAPGSDSSD
31	0.423588659383968	SHRPIKGILKNKTSAASPPVVPSAEQPRPIVEEELSKKSQKWDEMNILAT
32	0.190669580303627	YHPADKDYGLMKIDEPNTPYHNMIGDDEDAYSDSEGNEVMTPDILAKKLAAAEGSEPKYRTREQESSGEEDNDLSPEEREKKRQFEMKRKLHYNEGLNIKLARQLISKDLHDDDEDEEMAETADGDSMNVEESSQGSTTSDHLQHKSQSS
33	0.202334033309916	METLKSKTKTRVLPSWMTAPVDERKVVSVKTATRKQTAAWAQRVGAATRAPATETVYCMNEAEMVDVALGILIEGRKQEKPWEQRSLEATDKLQLSPPCSSSPGSSSEEEDSRISSLAPGLSPPRGPEASDSPCSRSPEEEKEEEDALKY
34	0.311647999934963	MLWQKSTAPEQAPAPPRPYQGVRVKEPVKELLRRKRGHTSVGAAGPPTAVVLPHQPLATYSTVGP
35	0.0421355585436339	MDVFKKGFSIAKEGVVGAVEKTKQGVTEAAEKTKEGVMYVGAKTKENVVQSVTSVAEKTKEQANAVSEAVVSSVNTVATKTVEEAENIAVTSGVVRKEDLRPSAPQQEGEASKEKEEVAEEAQSGGD
36	0.626068816615832	MESSAKMESGGAGQQPQPQPQQPFLPPAACFFATAAAAAAAAAAAAAQSAQQQQQQQQQQQQAPQLRPAADGQPSGGGHKSAPKQVKRQR
37	0.0628557051875339	RRNERERNRVKLVNLGFATLREHVPNGAANKKMSKVETLRSAVEYIRALQQLLDEHDA
38	0.244668368910749	ENFSRKRYRSVDLSKENDDRKQNENKSLKESETSGPTAAPMWAVAPPSRSGAGNTFWMLPVPTTAGNQMESSSNNNTAAGHRAPPMWPFVNSAGGGAGGG
39	0.38196249046057	GGAATHFMAGTGFSFPMDQYRGSPLQLGSFLAQPQPTQNLGLSMPDSNLGMLAALNSAYSRGGNANANAEQANNAVEHQEKQQQSDHDDDSREENSNSSE
40	0.483923073644449	MQEQATSSLAASSLPSSSERSSSSAPHLEIKEGIESDEEIRRVPEFGGEAVGKETSGRESGSATGQERTQATVGESQ
41	0.21213302658737	SSLMGPNGNSKTMINGSYNKRDLIRGRRGELFSAPASMRTSPTNSGHLRVSTAGLSSSSGSTSSSSSDSTMEELQAAIQAAIAHCKNSSAVDRDDKVKDS
42	0.54637878571782	MAEEYKNTVPEQETPKVATEESSAPEIKERGMFDFLKKKEEVKPQETTTLASEFEHKTQISEPESFVAKHEEEEHKPTLLEQLHQKHEEEEENKPSLLDKLHRSNSSSSSSSDEEGEDGEKKKKEKKKKIVEGDHVKTVEEENQGVMDRIKEKFPLGEKPGGDDVPVVTTMPAPHSVEDHKPEEEEKKGFMDKIKEKLPG
43	0.269778906673213	MAEEIKNVPEQEVPKVATEESSAEVTDRGLFDFLGKKKDETKPEETPIASEFEQKVHISEPEPEVKHESLLEKLHRSDSSSSSSSEEEGSDGEKRKKKKEKKKPTTEVEVKEEEKKGFMEKLKEKLPGHKKPEDGSAVAAAPVVVPPPVEEAHPVEKKGILEKIKEKLPGYHPKTTVEEEKKDKE
44	0.175553725586603	GERHLLKNIKRRKTSSQTQTQSLEGEIHELRRDRMALEVELVRLRRKQES
45	0.0398973218644331	SSDQRTLRRLAQNREAARKSRLRKKAYVQQLENSRIRLAQLEEELKRARQQGSLVER
46	0.339434439876856	ILLKGKKLGGLLPAGGENGSEATDVSDEVEAAEMEDEAVRSQVQHKPKEDKLKLVPEL
47	0.423371615044155	DRMKKLIEDPDKFYTPKTRPSGHDIGKSFSKDNGGSIPPNLLQISNSESNGQYLANCK
48	0.295501804394831	QISTIAESEDSQESVDSVTDSQKRREILSRRPSYRKILNDLSSDAPGVPRIEEEKSEEET
49	0.0709194044026337	PIPELDDAVVESFFSSSTDSTPMFEYENLEDNSKEWTSLFDNDIPVTTDD
50	0.244246193175383	RARNTEAARRSRARKLQRMKQLEDKVEELLSKNYHLENEVARLKKLVGER
51	0.369108366828083	MSSKEQKTPEGQAPEEIIMDQHEEIEAVEPEASAEQVDPRDEKVANLEAQ
52	0.256560470122775	KKLEEETEPAAMDRVKAEVRLMIQKARLEKKMSQADLAKQINERTQVVQE
53	0.265558033921112	QGSGGQTQTQSQATASATTGGATAQPQTKPKVRARRGQATDPHSIAERLRRERIAERMKSLQELVPNGN
54	0.19813319478273	TTMQSLCGSSSSTSSYYPLAISGIGETMAQDRALAALRNHKEAERRRRERINSHLNKLR
55	0.274558111665144	PVLLEVEVDKKVPVLPMVAGGSGLDEFINFDPEVERQQTELRHKRTGGKH
56	0.381250820206173	EKLLDTMNRLDDKYRELRSQLSNKSLAPEVHQQISKQLADRERELLPIYGQIS
57	0.298374156056012	SLVHMDIKPSNIFISRTSIPNAASEEGDEDDWASNKVMFKIGDLGHVTRI
58	0.631488901813428	MSATAATVPPAAPAGEGGPPAPPPNLTSNRRLQQTQAQVDEVVDIMRVNVDKVLERDQKLSELDDRADALQAGASQFETSAAKLKRKY
59	0.211905187799893	DVDFGDSDNENEPDAYLARLKAEAREKEEDDDDGDSDEESTDEDFKPNENESDVAEEYDSNVESDSDD
60	0.122332028670781	DSDASGGGGDSDGAKKKKEKKSEKKEKKEKKHKEKERTKKPSKKKKDSGK
61	0.267383200972753	GGDSDNEKGGKSSKKRKTEPSPSKKANTSGSGFKSKEYISDDDSTSSDDEKDNEPAKKKSKPPSDGDAKKKKAKSESEPEESEEDSNASDEDEEDEASD
62	0.440252430490908	HSSRPSQNIAAGLESPDQQAGAQILGQCGTGGSDEPSEPSRAEDPGPGPW
63	0.246570073213562	ATYNNATEQEGKTYIQGETPEQANARYLKRVGAANNQNPAAEDKGATTPASKEEAKKSEAAAKNAGKAAGKALPKTSAVK
64	0.634945520594437	GAIQLTEALRMQMEVQKQLHEQLEVQRVLQLRIEEHAKYLEKMLEEQRKTGRWISSSSQTVLSPSDDSIPDSQNMSKTKASSPQPPLPAENKASETEDDKCESPQKRRRLENIAESEDPKR
65	0.291134481163551	EFCIPTSSTIEQQNSARIRQNTREHPSTANTVDRTNHQLENLEAETAPLP
66	0.115743449539339	MPRGFLVKRSKKSTPVSYRVRGGEDGDRALLLSPSCGGARAEPPAPSPVP
67	0.00565974608523476	SSVSASSSPSPSTPTKSGKMRSRSSSPVRPKAYTPSPRSPNYHRFALDSPPQSPRRSSNSSITKKGSRRSSGSSPTRHTTRVCV
68	0.0926221573502182	ATIKRLKRSPDKQAAALPRRERNRQAAAASPENSRGKGRRGQRGKNRGCV
69	0.309124027314116	ATGFVKKDQLGKNEEGAPQEGILEDMPVDPDNEAYEMPSEEGYQDYEPEA
70	0.347578348091346	EENRTEAPEETEPERETPSAINGNPSWHLADSPAVNGATGHSSSLDAREV
71	0.352984903517231	SGVNKSDKKVTPTEEKEQEAVSKSTSPAANSADTPNETGKRPLEEEKPPK
72	0.333394830747211	AMQECMQKYPDLYPQEDEDEEEEREKKPAEQAEETAPIEATATKEEEGSS
73	0.295424208788834	ILFKDNEKSCQNKESNKDDTKEAKESKENKEVSSPDDLELELENLEINDD
74	0.279400078064458	LCGRPGRGQTQQEEEEEDEDHGPDDYDEEDEDEVEEEETNRLPGGRSRVL
75	0.172585063310842	QPYEKKAAKLKEKYEKDIAAYRAKGKPDAAKKGVVKAEKSKKKKEEEDDEEDEEDEEEEEEEEDEDEEEDDDDE
76	-0.127188724861317	MRVKGPSSRRKKKKILKLAKGYRGQRSRSYRRAKEAVMRALYYQYRDRKLRKREFRRLW
77	0.283749677776952	LEEQKLQIQVELLELEKQRFRWQRFSKKRDQELERMRMENERMKLENDRMGLELKQRELGVE
78	0.184017549824319	NDHSDSSNKKRLCGNREAVRKYREKKKARTAYLEDEVMRLQSLNEQFLRKLQSQEMVETELIRLRALLVEMQ
79	0.328520192735893	LDGLHNELQTIGFQIETIGKKVSSKRIPYAPSGEIPKFSLQDPPNKKPKV
80	0.152070476342398	AEESSKIRAPTTMKKFEDSEKAKKPVRSMIETRGEKPKEKAKNSKKKGAKKEGSDGPLATSKPVPAEKSGLPVGPENGVELSKEELIRRKREEFIQKHGRGMEKSNKSTKSDAPKEKGKKAPR
81	0.56444606790804	LQAQNPLTESERRSMEDQIERLKNEKEGLLAELQNQEQERKEFELQVTTLKD
82	0.252874421393345	FGPLLPTESERSLMERVRQELKLELKQGFKSRIEDVREEIMRKRRAGKLPGDTT
83	0.329111060479219	ESSDQAKEEEEKEEEEEERDSMMGQKIDGSEGEDIQIWGEEEVRRLMEIDA
84	0.371998746285304	VSPTRSVLPANWRQELESLRNGNGSSSAASSAPAPARSSSASWRDAAPASSAPARSSSASKKA
85	0.616310613301791	VTPSRSALPSNWKQELESLRSSSPAPASSAPAPARSSSASWRDAAPASSAPARSSSSKKAVTPSRSALPSNWKQELESLRSSSPAPASSAPAPARSSSASWRDAAPASSAPARSSSASKKAVTPSRSALPSNWKQELESLRSNSPAPASSAPAPARSSSASWRDAPASSSSSSADKA
86	0.421754627105786	GSSVKRQSTARTRSFTETNRRTPSVQSKHEFWEDPDDGSDSENEYEGEEEDGIGNDLDNESDWEDDSRVQKLTTTDNYEEELAKEVEQLLEPEERVILQQNEKPNLKMIST
87	0.159220946706192	VTQVAKQERKKNRRGGAKRLDESEIEPENLVPEEWRDIQAEVNLTKKDKRKIAQEMEFGVRVEKKRQGLIPLRKVDLNDFLTYKEAKLAQLRPVILDKPGNFSDDSGASSDGETAVSSPSERVAPKNPRWAVYGKGFDHVAKFFNSDKYDPSDKKS
88	0.290929745626919	EQVSHGTQNRPLLRNSLDDLVGPPSNLEGQSDERALLDQLHTLLSNTDATGLEEIDRALGIPELVNQGQAL
89	0.420285868869461	QQQIQHRLQQAQLMRRRMATMNTRNVPQQSLPSPTSAPPGTPTQQPSTPQTPQPPAQPQPSPVSMSPAGFPSVARTQPPTTVSTGKPTSQVPAPPPPAQPPPAAVEAARQIEREAQQQQHLYRVNINNSMPPGRTGMGTPGSQMAPVSLNVPRPNQVSGPVMPSMPPGQWQQAPLPQQQPMPGLPRPVISMQAQAAVAGP
90	0.399125550072195	VQPPRSISPSALQDLLRTLKSPSSPQQQQQVLNILKSNPQLMAAFIKQRTAKYVANQPGMQPQPGLQSQPGMQPQPGMHQQPSLQNLNAMQAGVPR
91	0.0168312977447037	MTPSTPPRSRGTRYLAQPSGNTSSSALMQGQKTPQKPSQNLVPVTPSTTKSFKNAPLLAPPNSNMGMTSPFNGLTSPQRSPFPKSSVKRTLFQFESHDNGTVREEQEPLGRVNRILFPTQQNVDIDAAEEEEEGEVLLPPSRPTSARQLHLSLERDEFDQTHRKKIIKDVPGTPSDKVITFELAKNWNNNSPKNDAR
92	0.173938900370292	MSESSSKSSQPLASKQEKDGTEKRGRGRPRKQPPVSPGTALVGSQKEPSEVPTPKRPRGRPKGSKNKGAAKTRKTTTTPGRKPRGRPKKLEKEEEEGISQESSEEEQ
93	-0.0267617469510988	MSARGEGAGQPSTSAQGQPAAPAPQKRGRGRPRKQQQEPTGEPSPKRPRGRPKGSKNKSPSKAAQKKAEATGEKRPRGRPRKWPQQVVQKKPAQEETEETSSQESAEED
94	0.0955600549574692	LPRRPGHDDGQRPSGGAAAAPRRGAQLRRPRHSHPTRARRCPGGLPGHAGGAAPGRGAAGRARCLGPSARGPG
95	0.0838929761439434	MSERQGAGATNGKDKTSGENDGQKKVQEEFDIDMDAPETERAAVAIQSQFRKFQKKKAGSQS
96	0.391917230709239	MDSKSVTPEPTNPFYASSGQSGKTYASVVAAAAAAAADKEDGGAVSSAKELDSSSEAVSGNSDKVGADDLSDSEKEKPNLVGDGKVSDEVDGSLKEDS
97	0.348692714434245	DSAEEDENKLPVEDIVSSREFSFGGKEVDQEPSGEGVTRVDGSESEEETEEMIFGSSEAAKQFLAELEKASSGIEAHSDEANISNNMSDRIDGQIVTDSDEDVDTEDEGE
98	0.09793824098716	QDKKTMMMNEEDDGNGMDELLAVLGYKVRSSEMADVAQKLEQLEVMMSNVQEDDLSQLATETVHYNPAELYTWLDSMLTDLNPPSSNAEYDLKAIPGDAILNQ
99	0.166355829188834	LTNNVLSTAQQVYLRKLGGAKPNMDENASKIISAGRAKRSIAQPDDAGERFRQLKEQEKRSKKNKAVAKDTVELVEESQSESEEGSDDEEEEAREGALASSTTSKPLPEVGQRRSKRSKRKRTV
100	0.0660867303855371	DCESKPFSGGVEPMYCLENGAEEMKRGVKADKHWLSEFEHNYWSDILKEKEKQKEQGIVETCQQQQQDSLSVADYGWPNDVDQSHLDSSDMFDVDELLRDLNGDDVFAGLNQDRYPGNSVANGSYRPESQQSGFDPLQSLNYGIPPFQLEGKDGNGFFDDLSYLDLEN
101	0.191292982247612	DLCQLSAETKKTPSRSARRKKAKRQWLREKTKLEKEELLQTQLVVAPSQKPV
102	0.678681231039251	ADLKKELSGSSKKGELPPGRSTVAASTRYPFKDSEIENELNELRRKANDF
103	0.0619211148578612	MSEPAGDVRQNPCGSKACRRLFGPVDSEQLSRDCDALMAGCIQEARERWNFDFVTETPLEGDFAWERVRGLGLPKLYLPTGPRRGRDELGGGRRPGTSPALLQGTAEEDHVDLSLSCTLVPRSGEQAEGSPGGPGDSQGRKRRQTSMTDFYHSKRRLIFSKRKP
104	0.254711282566351	KGTSTRKPRINSQLVAQQVAQQYATPPPPKKEKKEKVEKQDKEKPEKDKE
105	0.388068992694787	MSDAAVDTSSEITTKDLKEKKEVVEEAENGRDAPANGNAENEENGEQEADNEVDEEEEEGGEEEEEEEEGDGEEEDGDEDEEAESATGKRAAEDDEDDDVDTKKQKTDEDD
106	-0.00354884360335066	MSETVPPAPAASAAPEKPLAGKKAKKPAKAAAASKKKPAGPSVSELIVQAASSSKERGGVSLAALKKALAAAGYDVEKNNSRIKLGIKSLVSKGTLVQTKGTGASGSFKLNKKASSVETKPGASKVATKTKATGASKKLKKATGASKKSVKTPKKAKKPAATRKSSKNPKKPKTVKPKKVAKSPAKAKAVKPKAAKARVT
107	0.431860194490447	MATLIYVDKENGEPGTRVVAKDGLKLGSGPSIKALDGRSQVSTPRFGKTFDAPPALPKATRKALGTVNRATEKSVKTKGPLKQKQPSFSAKKMTEKTVKAKSSVPASDDAYPEIEKFFPFNPLDFESFDLPEEHQIAHLPLSGVPLMILDEERELEKLFQLGPPSPVKMPSPPWESNLLQSPSSILSTLDVELPPVCCDI
108	0.446876755120043	MSARVRSRSRGRGDGQEAPDVVAFVAPGESQQEEPPTDNQDIEPGQEREGTPPIEERKVEGDCQEMDLEKTRSERGDGSDVKEKTPPNPKHAKTKEAGDGQP
109	0.37652618669684	MRRRGEIDMATEGDVELELETETSGPERPPEKPRKHDSGAADLERVTDYAEEKEIQSSNLETAMSVIGDRRSREQKAKQEREKELAKVTIKKEDLELIMTEMEISRAAAERSLREHMGNVVEALIALTN
110	0.20323084259746	MVRTKADSVPGTYRKVVAARAPRKVLGSSTSATNSTSVSSRKAENKYAGGNPVCVRPTPKWQKGIGEFFRLSPKDSEKENQIPEEAGSSGLGKAKRKACPLQPDHTNDEKE
111	0.258104328052896	VEEKKTRAAREGDRRDNRLRGPGGPRGGLGGGMRGPPRGGMVQKPGFGVGRGLAPRQ
112	0.0116577485688496	MESNQSNNGGSGNAALNRGGRYVPPHLRGGDGGAAAAASAGGDDRRGGAG
113	0.339786930651401	MLCEDQHMSVENTPQKGSGSLNSSASSISIDVKPTMQSWAQEVRAEFGHS
114	0.152193454468877	EVKFERLVKEEKLKTPYKRRHSFTPPSNENSRSNSPNSSNSSANGDAAAPKGGNNPHSRNSKKSGNFRAHKEEKRVRHN
115	0.310384681391871	MIKRELMKDPRLANEDWSRFLPKFKNKNISKRKQPKVKKQKKEYTPFPPSQPESKVDKQLASGEYFLNQEQKQAKRNQERTEKQKEAAKRQDERRNKDFVPPTEESAASSRKKEDGSSSSKVDVKALKAKLIKANKKARSS
116	0.761002189887433	GQHMKKSSLSESSSDMMDLDDGVESTPGLTETHPGRSAVAPFLGAQQQQQQPVASSLSMSIDKQLQHPLQQLTQTQLYQQQQQQQQQQQNGFKQQQQQTQQQLQQQQSHTINASAAAATSGSGSSGLTMRHNNALAVSIETDV
117	0.24352562781458	KKFKEEEKPAWAKKDIRDYSEADLERLLDQWEEDEEPLEDDELPEHLRPQPKLDLSNLDSKSPEDLLKVSKKG
118	0.468771679299241	MSSPDDFETAPAEYVDALDPSMVVVDSGSAAVTAPSDSAAEVKANQNEENTGATAAETSEKVDQTEVEKKDDDDTTEVGVTTTTPSIADTAATANIASTSGASVTEPTTDDTAADEKKEQVSG
119	0.6126034281864	YDNFREVVDSRLQEESHSNGVDNSNSNSDNKDSIRPKTEIISTNTNGATEDSTSEKVMVDAEQQARLQEQAQLLRQHVSSTASITSGGHNDLVQIEQPQKDTSNNNNSNVNDEDNDLLTQDNNPQTADEGNASFQAQRSMISRGALPSHN
120	0.541920981995269	QRGYKTFEEIQKEEEARQQQEEDEAVDEIKQEIKFTKQSSVASTRNTLKMAQDAERAGMNTLGMLGHQSEQLNNVEGNLDLMKVQNKVADEKVAELKKLNR
121	0.514272231773376	SILAVHVSNPFNSKRRRREREEQLKNRKIEEKLMREQTSQQLSQSTQRIEGAMNANNNISEVRERYQRKNVLEKAKRYQFENDEEDDEMELEIDRNLDQIQQVSNRLKKMALTTGKELDSQQKRLNNIEESTDDLDINLHMNTNRLAGIR
122	0.673197193079609	MSQEQPRRPQAGQDPIKYGDVLPVSGDLSQKPITPEDAAMMQSAESRVLGQTQPGGVASVMQSAATRNEQAGIVGHKDVTDVTGDRGVTVTETQVPGRRI
123	0.659981923452073	ITETVGGQVVGQFVEPTPVQVGLTGAVRESALTIGEALEATAHTVGDKPVEQSDASAIQAAEVRATGSNVITPGGLASMAQSAAAFNAECQREEEKIKMG
124	0.465584152790972	MASHQEQSYKAGETRGKAQEKTGEAMGTMGDKTQAAKDKTQETAQSAQQKAHETAQSAKDKTSQAAQTTQERAQESKDKTGSYMSETGEAIKNKAHDAAEYTKETAEAGKEKTSGILGQTGEQVKQMAMGATDAVKHTLGLRTDEGNKEHVSSAPSTTTTTTTRETQRK
125	0.237972418668003	WEAEENVPYTAYFDKARKTRAPGSKIMNPNDPEYNSDSQSQAPPHPPSSRTKPEQVDTVRRSREHMRSREESELKQFGDAGGSSNEAANKRQGRASQNNS
126	0.35599342598105	RDNSGVTLEGPKDLPPQLESNQGARGSGSANSVGSSTTRPKSPWMPFPTL
127	0.448708759531752	MASYQNRPGGQATDEYGNPIQQQYDEYGNPMGGGGYGTGGGGGATGGQGYGTGGQGYGSGGQGYGTGGQGYGTGTGTEGFGTGGGARHHGQEQLHKESGGGLGGMLHRSGSGSSSSSEDDGQGGRRKKGITQKIKEKLPGHHDQSGQAQAMGGMGSGYDAGGYGGEHHEKKGMMDKIKEKLPGGGR
128	0.34195640969554	MAEEYKNNVPEHETPTVATEESPATTTEVTDRGLFDFLGKKEEEVKPQETTTLESEFDHKAQISEPELAAEHEEVKENKITLLEELQEKTEEDEENKPSV
129	0.323040445230213	IEKLHRSNSSSSSSSDEEGEEKKEKKKKIVEGEEDKKGLVEKIKEKLPGHHDKTAEDDVPVSTTIPVPVSESVVEHDHPEEEKKGLVEKIKEKLPGHHDE
130	0.737421545660697	KAEDSPAVTSTPLVVTEHPVEPTTELPVEHPEEKKGILEKIKEKLPGYHAKTTEEEVKKEKESDD
131	0.178208116717258	TAGEKEDAPRRERKPRPTTPRRKEGAERKPRAQKPVEKAPKTVKAPREEQ
132	0.267206635285998	RQLALEAKGETPSAVTRLSVVAKSEPQDEQSRSQSPRRIILSRLKAGEVD
133	0.614310829658764	YNGQSETSQQPETPVFNTLPMMGKASPVSLGVPSEATANNGQQQQVQEQRRRINAMLQDYELQRRLHSEQLQFEQAQTQQAAVQVPGIQTLGTQSQ
134	0.359163519038006	KKAMSDDEPKQDKTSQDADFTAKTIADKQADTNQEQAKTEDAKRHDKEQV
135	0.241772116743572	MVYKHAISTVVPSRPVSHHSNNAGGGTSSNYHHGSSAQNTSAQQDSEETE
136	0.269338862341007	RALGMSMRVERSSLEQVQERFEVLKKRKAPGTFTEQDLDERIRKQQEEEEELKRQRREKKKEKKKGKVVEEEPEMDPEVAEMMGFGGFGSSKKS
137	0.204776960046426	NKPEKDAEMDTDSSTPVVKTKVRGKKVKRRYKEEKEEIAGSIRWLAEVVMRSERARMETMKEIERMRAEAEAKRGELDLKRTEIMANT
138	0.242975511000539	RKLLGEGIDACSIEELQQLENQLDRSLSRIRAKKYQLLREEIEKLKAEERNLVKENK
139	0.376783084775811	LSELWNIDPKRAKRILANRQSAARSKERKARYIQELERKVQSLQTEATTLSAQLTLYQRDTNGLANENTELKLRLQAMEQQAQLRNALNEALRKEVERMKMETGEISGNSDSFDM
140	0.0733548961704648	NTLKDILEEFMRQTVKMEKEWRDAWEMKEIEREKREKEWRRRMAELEEERAATERRWMEREEERRLREEARAQKRDSLIDALL
141	0.628344834019396	SEGGGGGTSGAARKREYSSDEEEENVNEELVDVSNDPKILNPKKNIAKKRKGGSNSSNSNNGVREVLEEFMRHQVRMESEWREGWEAREKERAEKEEEWRRKMEELEKERLAMERMWRDREEQRRSREEMRAEKRDSLINAL
142	0.171597444250675	PFRDELHINEDMDMHESAKLERQRREEARRSLRSGLTGLPQPKNEYQIVAQPPPEESEEPEEKIEEDMSDRIAREKAEEEARQQALLKKRSKVLQRDLPRPPAASLAVIRNSLLSADGDKSSVVPPTPIEVADKMVREELLQ
143	-0.0258966667717463	MADRVKGPWSQEEDEQLRRMVEKYGPRNWSAISKSIPGRSGKSCRLRWCN
144	0.606144793724568	VEKLTEENRRLEKEAAELRALKLSPRLYGQMSPPTTLLMCPSCERVAGPSSSNHNQRSVSL
145	0.47178501869821	TPEEVKLKAQELRERARKKKEEEEKRMEREREKERIRIGKELLEAKRMEEVNERKRLMFLRKAEKEEEKRAREKIRQKLEEDKAERRRKLGLPPEDPATAAAKPSV
146	0.0576370244790992	PLQEIFGVTKNNDHEKHDEEPDEESYRMAKRQRSMEYRMMMEKKRRKEIKDKVDIL
147	0.0837350243582574	KRKLSIPMTVARVVKYIPEQKQELQRLSRRKEELLKRISRKTHQEQLRNKAMMDSID
148	0.0858350774932868	YTSVYNNSLEAEPSSNNDQDEDRINDKMKRRLAQNREAARKSRLRKKAHVQQLEESRLKLSQLEQELV
149	0.195839449436831	LQVVDSRMEEEEVDAAETIEEEEQREQRSYKEKVEILKRKKMELKAARLAKRSKTSEGSVKKPKKTEEESPSDEEDDEDSAVDWR
150	0.375959847470343	MMLTKSVVISRPAVRPVSTRRAVVVRASGQPAVDLNKKVQDAVKEAEDACAKGTSADCAV
151	0.566619138510271	MATIATGLNIATQRVFVTSENRPVCLAGPVHLNNSWNLGSRTTNRMMKLQPIKAAPEGGISDVVEKSIKEAQETCAGDPVSGECVAAWDEVEELSAAASHARDKKKADGSDPLEEYCKDNPETNECRTYDN
152	0.295370264561298	MSDQSQEPTMEEILASIRRIISEDDAPAEPAAEAAPPPPPEPEPEPVSFDDEVLELTDPIAPEPELPPLETVGDIDVYSPPEPESEPAYTPPPAAPVFDRDEVAEQLVGVSAASAAASAFGSLSSALLMPKDG
153	0.414587034839284	CLRKKRKPQAEKVDVIAGSSKMKGFSSSESESSSESSSSDSEDSETEMAPKSKKKGHPGREQKKHHHHHHQQMQQAPAPVPQQPPPPPQQPPPPPPPQQQQQPPPPPPPPSMPQQAAPAMKSSPPPFIATQVPVLEPQLPGSVFDPIGHFTQPILHLPQPELPPHLPQPPEHSTPPHLNQHAVVSPPALHNALPQQPSRP
154	0.940986389734348	SNRAAALPPKPARPPAVSPALTQTPLLPQPPMAQPPQVLLEDEEPPAPPLTSMQMQLYLQQLQKVQPPTPLLPSVKVQSQPPPPLPPPPHPSVQQQLQQQPPPPPPPQPQPPPQQQHQPPPRPVHLQPMQFSTHIQQPPPPQGQQPPHPPPGQQPPPPQPAKPQQVIQHHHSPRHHKSDPYSTGHLREAPSPLMIHSPQM
155	0.656605856604915	SQFQSLTHQSPPQQNVQPKKQELRAASVVQPQPLVVVKEEKIHSPIIRSEPFSPSLRPEPPKHPESIKAPVHLPQRPEMKPVDVGRPVIRPPEQNAPPPGAPDKDKQKQEPKTPVAPKKDLKIKNMGSWASLVQKHPTTPSSTAKSSSDSFEQFRRAAREKEEREKALKAQAEHAEKEKERLRQERMRSREDEDALEQAR
156	0.415878499172662	RAHEEARRRQEQQQQQRQEQQQQQQQQAAAVAAAATPQAQSSQPQSMLDQQRELARKREQERRRREAMAATIDMNFQS
157	0.297124508016045	EHHSGSQGPLLTTGDLGKEKTQKRVKEGNGTSNSTLSGPGLDSKPGKRSRTPSNDGKSKDKPPKRKKADTEGKSPSHSSSNRPFTPPTSTGGSKSPGSAGRSQTPPGVATPPIPKITIQI
158	0.178285058520795	PKGTVMVGKPSSHSQYTSSGSVSSSGSKSHHSHSSSSSSSASTSGKMKSSKSEGSSSSKLSSSMYSSQGSSGSSQSKNSSQSGGKPGSSPITKHGLSSGSSSTKMKPQGKPSSLMNPSLSKPNISPSHSRPPGGSDKLASPMKPVPGTPPSSKAKSPISSGSGGSHMSGTSSSSGMKSSSGLGSSGSLSQKTPPSSNSCT
159	0.437461992918292	ASSSSFSSSGSSMSSSQNQHGSSKGKSPSRNKKPSLTAVIDKLKHGVVTSGPGGEDPLDGQMGVSTNSSSHPMSSKHNMSGGEFQGKREKSDKDKSKVSTSGSSVDSSKKTSESKNVGSTGVAKIIISKHDGGSPSIKAKVTLQ
160	0.289828795944255	KPGESSGEGLRPQMASSKNYGSPLISGSTPKHERGSPSHSKSPAYTPQNLDSESESGSSIAEKSYQNSPSSDDGIRPLPEYSTEKHKKHKKEKKKVKDKDRDRDRDKDRDKKKSHSIKPESWSKSPISSDQSLSMTSNTILSADRPSRLSPDFMIGEEDDDLM
161	0.470886682583174	TKGTDEVPVPPPVPPRRRPESAPAESSPSKIMSKHLDSPPAIPPRQPTSKAYSPRYSISDRTSISDPPESPPLLPPREPVRTPDVFSSSPLHLQPPPLGK
162	0.503916720730183	KVLQTRMARLIVEHSSTEGKLMKRIEMLEKHLSRYKALARRQKTMHGVSIDGGDISTDGVDERVRPPRLRQTKTIDLPTGTESESLLK
163	1.81062352282112	EVDMRPSPKLAEEARRDAERYQKEHEMINRQAEATLQKKAEEYRHQTEAEAEKIRRELEKQHERDIQFRKDLIDQTIEKQKREVDLEAKMAKRELDREAQL
164	0.638611716439951	MASHGQSYRAGEATGRAEEKADQMMGKTRGATEAMKNKAQQAKDKTMETAQAAKEKTSEKAYEAKDKTSNMAQSAKGQAQQSKDQTGSFASDKAQAAKDKAYQAAQATKEKASDMTEYAKETAEAGKEKTGGILQRTGEQVKSMAQGAADAVKNTFGMGEPEEDDPIKTTRP
165	0.323921424307039	MEKSKKEQMKELEKMRADFQRDLELQKKQIVDRAQSEIARLREEEENHHGGGDDDESEDEEMENDSDVNLSDE
166	0.364865830004333	ARIGSDPLAYEPKEDLPVITIDPASPQSPESVDLVNEELKGKVLGLSRDPAKVAEEDEDDDGGIMMRSKETSSPGTDDVFTPAPSDSPSSQRIQRCLSDPGPHPEPGEGEPFFPKGQ
167	0.555591164151308	CSVTELQEIDTQIEKSLRIVRSRKAELYADQLKKLKEKERELLNERKRLLEEVNMHHSSKGNTEGGHRTKHSSEVE
168	0.831669220034577	ARLHEALSQMWQLEAASRAAIENGSEEGLGDSAEVEEAPIEFPRDITMEETEPTRLNPNR
169	0.237251300803656	LRSRDNIYEYRDSPSTKTLASKAHTDTTSLRSPSSLAMTQKSSSQASLKS
170	0.251058307873527	YRGSSFLDPKGRGGSTGYDNAVALPAGGRGDEEELVKENVKNTAASVGEI
171	0.26747400775875	TSGQAESSSGNEGAAPAKGRGRGRPPAAAKGVAKGAAKGAAASKGAKSGAESSKGGEQSSGDIEMADASS
172	0.193937473958749	KGGSDQRDSAATVGEGGASGSEGGAKKGRGRGAGKKADAGDTSAEPPRRSSRLTSSGTGAGSAPAAAKGGAKRAASSSSTPSNAKKQATGGAGKAAATKATAAKSAASKAPQNGAGAKKKGGKAGGRKRK
173	0.330641119708193	MSDAGRKGFGEKASEALKPDSQKSYAEQGKEYITDKADKVAGKVQPEDNKGVFQGVHDSAEKGKDNAEGQGESLADQARDYMGAAKSKLNDAVEYVSGRVHGEEDPTKK
174	0.355592369633142	LVSTLGEKSGKGLKTCKSPGRKSKESSPKGRSSSASSPPKKEHHHHHHHSESPKAPVPLLPPLPPPPPEPESSEDPTSPPEPQDLSSSVCKEEKMPRGGSLESDGCPKEPAKTQPAVATAATAAEKYKHRGEGERKDIVSSSMPRPNREEPVDSRTPVTERVS
175	0.386208935573673	HQQQQLQQQQHHLQQQQHQQQQQSLSQQPQQQQSQQSQAHSQQHQQQHQQQQQQQQPQQQQPQQHPPQQPQQQNSQQAIVGQSQQQVTSGQQK
176	-0.0376507208852676	MEELSSVGEQVFAAECILSKRLRKGKLEYLVKWRGWSSKHNSWEPEENILDPRLLLAFQKKEHEKEVQNRKRGKRPRGRPRKLTAMSSCS
177	0.707515509917455	KVRTQKGELGMSPPGSKIPKAPSGGAVEQKVGNTGGPPHTHGASRVPAGCPGPQPAPTQELSLQVLDLQSVKNGMPGVGLLARHATATKGVPATNPAPGKGTGSGLIGASGATMPTDTSKSEKLASRAVAPPTPASKRDCVKGSATPSGQESRTAPGEARKAATLPEMSAGEESSSSDSDPDSASPPSTGQNPSVSVQTS
178	-0.0643155182905735	RGGGFGGRGGFGDRGGRGGRGGFGGGRGRGGGFRGRGRGGGGGGGGGGGGGRGGGGFHSGGNRGRGRGGKRGN
179	0.327451648616171	EEDAESEDEEEEDVKLLSISGKRSAPGGGSKVPQKKVKLAADEDDDDDDEEDDDEDDDDDDFDDEEAEEKAPVKKSIRDTPAKNAQKSNQNGKDSKPSSTPRSKGQESFKKQEKTPKTPKG
180	0.795408261184439	MDPGQQPPPQPAPQGQGQPPSQPPQGQGPPSGPGQPAPAATQAAPQAPPAGHQIVHVRGDSETDLEALFNAVMNPKTANVPQTVPMRLRKLPDSFFKPPEPKSHSRQASTDAGTAGALTPQHVRAHSSPASLQLGAVSPGTLTPTGVVSGPAATPTAQHLRQSSFEIPDDVPLPAGWEMAKTSSGQRYFLNHIDQTTTWQ
181	0.99110841979093	DPRKAMLSQMNVTAPTSPPVQQNMMNSASAMNQRISQSAPVKQPPPLAPQSPQGGVMGGSNSNQQQQMRLQQLQMEKERLRLKQQELLRQVRPQELALRSQLPTLEQDGGTQNPVSSPGMSQE
182	0.467460073230546	ISSTTLAAPSTTQSIAVPASNSTPVQEQPTAQSDTYGQAASTLVSGSSIEQMVQQIMEMGGGSWDKETVTRALRAAYNNPE
183	0.447856223252998	LNEPVQEAGGQGGGGGGGSGGIAEAGSGHMNYIQVTPQEKEAIERLKALG
184	0.892047221109758	MQSMKETASNIAASAKSGMDKTKATLGEKAEKMTTRDPLQKEMATQKKEERINEAEMQKREAREHNAAMKEASGAGTGTGLGLGSATHSTTGQVGHGTGTHQMSALPGHGTGQPTGHVVDGTAATEPIGTNTGTGRTTAHNTRVGGGTTGYGTGGGYTG
185	0.891260660268789	MQSMKETASNIAASARAGMEKTKATVEEKAEKMKTRDPVQKEMATQKKEDRINQAELEKREAREHNAAAKEAAGAGLGTPGYTAKGSGGLGSATHSTTGRIGHGTGAHQMSALPGHGAGQPTGDVVEGTETAAPIGTNTGTGRTTAHNTRAGGGTTGFTTGGGYSG
186	0.711409025420825	MEAMKETAANVGASAISGKEKTKAVVQEKMERMTAHDPMEKEMATKKKEERINQAELNKQEAKEQNAAARQGASTTGTDKPHSYSTTGRTGNPTGAHQMSALPGHGTGAPTGQVTEGVVESRPIGTATGTKRTTVAHNTHAEREVNKGYGTGGAYN
187	0.566275132808246	MQAMKETASNFAASAKSGMEKTKAVAQEKMERMTADNPTEKEMATEKKKERINEAEMNKQEARDKNAAARQGYSTTGTEKTHSYSTTGATGHPTGAHQMSALPGHGSGEPAGQVVEGVVQSHPIGTATGTQRSSAAHNTHGGGGVNTGYGTGGSYS
188	0.48417599769216	MQGAKKAGEAMKETAANVGASAKSGMEKTKATVQEKTDRMRARDPLQKEMATQKKDERMNQAELDKQAAREHNAAAKQSATAGHMGQGHYTTGTGTGTATYSTTGEYGQPMGVHQTSAVPGHGTGQPTGHVTEGVVGSQPIGTNRDPGGTATAHNTRVGGNPNEYGYGTGGTYS
189	0.807652279086512	MQSMKETASNIAASAKSGMDKTKATLEEKAEKMKTRDPVQKQMATQVKEDKINQAEMQKRETREYNAAMKEAAGAGTGLGLGTATHSTTGQVGHGTGTHQMSALPGHGTGQLTDRVVEGTAVTDPIGRNTGTGLTTTAHNTHVGPGPYGTGGGYSG
190	0.654070032276069	MQSMKETASNIAASAKSGMDRTKATLEEKAEKMTTRDPVQKQMATQNKEGKINQAEMQKREAREHNAVMKEASGAGTGTGLGLGSATHSTTGHVGHGTGTHQMSALPGHGTGQPTGHVVEGTAVTKPIGTNTGTGRTTAHNTHVGGGTTGYGTGGGYTG
191	0.685508333261359	MQSMNETASNIAASAKSGMDKTKATLEEKAEKMTTRDPIQKEMATQKKEGRINQAEMQKREAREHNAAMKEASGAGTGTGLGLGTATHSTTGHVGHGTGTHQMSALPGHGTGEPTGHVVDGTAVTEPIGTNTGTGRTTAHNTRVGGGTTGYGTGGGYTG
192	0.752538145370095	MQSMKETASNIAASAKSGMDKTKATLEEKAEKMTTRDPLQKEMATQKKEGRINEAEMQKREAREHNAVMKEASGAGTGTGLGMGTATHSTTGHVGHGTGTHQMSALPGHGTGQPAGHVVDGTAVTEPIGTNTGTGRTTAHNTRVGGGTTGYGTGGGYTG
193	0.979530374746266	MQSAKEAVSNIAASAKSGMDKTKATLEEKAEKMKTRDPVQKEMATQRKEGKINQAEMQKRETQEYNAAMKQAAGGGTGTGVGLGTATHSTTGQVGHGTGTHQMSALPGHGTGHPTGHVVEGTAVTEPIGTNTGTGRTTAHNTRVGGGGTTGYGTRGGYTG
194	0.363120973932098	MQSIKETAANIAASARSGLEKTKATLEEKVERATAHDPVQKDMATQKKEERIRQAELEKQEARENNAAARQGGGDGGFTAKGSGGHMASGTHTYSTTGQMGQPTGAQQMSALPGHGTGQPTAQVDDGRVQAYPVGVNTGVGGSKSHNTRVEGNPHAYGTGGTYS
195	0.251274395958257	MQLITAKAHQAKAIRVKLKLIKLLKKEKEREKMQGAKNTGQSIKEKAANVGASAQAGLEKTKATVQEKAEKMSTRDPVQKQMATQKKEHKTNQAEMEKQAAYNQNAAHKEAARAEDIAPGYYGTATHSTTGQHGHPTGGHQMSALPGHGTGQPTGQVTEGVIGSHPIGTNTGTTQTSTTTTARNTRAGVNPNDPRYGHGTGGSY
196	0.430620744586735	MQAIKEKAANVAASAKSGMEKTKATMQEKVDRAAANNPTEKEMATERKEQKVNQAEFDKRAAQEHNAAARNATKNTGQPHTYSTTGAPGHPTGTHQQSALPGHGTGQPTGQVTEGVVESHHIGTATGTGRTNAAHNTHVGAATNIGGSYT
197	0.540741554402093	MQAGKNVAESMKESAANVAASAKSGMEKTKATVQEKVEKMKAHDPTEKEMAAEKKEQRKAEAELNKREAREHNAAVREASKTGVNAGGHTGYSTTGVETATYSTTGIEGQPTGAHQMSALPGYGTGQPAGQVTEGTVGSHPIGTGTGTGRTTAHNTRVEGTGTPGYGTGGSYS
198	0.424308704085611	MQAIKEKAANVAASAKSGMEKTKATMQEKVDRATANNPTEKEMATERKEQRVNQAEFDKRAAQEHNAAARNATKNTGQPHTYPTTGAPGHPTGTHQQSALPGHGTGQVTEGVVESHPIGTAAGTGRTSAAHNTHVGAATNIGGSYTQD
199	0.766137463683798	MQTAKNAAASVKETAANVAASAKSGMEKTKATLQEKGERMTAHDPTQKEMATEKKEARKDQAEYEKQVERDQNAVQRQAVEATGTHSYSTTGATGHPMGSHQMSALPGHGTGQPAGDVVEGVVGSHPIGRNTGTGQSVAGNNPRTGGGAGGYGTGGAYR
200	0.52194052286573	MQAIKEKAANVAASAKSGMEKTKATMQEKVDRATANNPTEKEMATERKEQRVNQAEFDKRAAQEHNAAARNATKNTGQPHTYSTTGAPGHPTGTHQQSALPGQPTGQVTEGVVESHPIGTAAGTGRTNAAHNTHVGAATNIGGSYT
